3,J3ROEMQh9wA
4,rk8pnMR6Q0E
4,iaEU3pNUerw
1,Jyg3Lo_-Ep8
4,aDfLFdIa8qU
1,7tVdwQQ4WYo
2,BmeX6RTftcM
5,oja4MRrnBEQ
4,tUmh_tqjJZ8
5,SubErahEmSc
4,g636svXCk7I
2,1Q-BJT1x4Vo
3,dPSm7AiJWrU
5,K1p4hUjPttQ
5,b9un--5GjTI
5,9Zu0rqwuv_E
4,WBMxb9HB4iU
3,0d4sT2p0a2Q
3,L8Vi4LSmlSM
5,uOnqS9iv7fc
5,RixlNudlg94
2,mKL6D5hAhgA
4,M82lZ0Sl-Ug
3,JkAeSl3CXfs
4,rBYZqVeggwY
5,xxe1Sdc-pJE
5,aG4f7sPm2rU
1,lQb3lT-s8_0
4,a4atH7o_jzs
2,XBHDmPCbcyI
2,iU5OFna6r0o
4,bbj_YbzWe0A
4,gD_0U5l7jk4
5,05XBEM91Whg
3,bJ1Qw2vtHgU
2,Fpq8QXa4SSc
5,NM8xvE5B4yk
4,N1TnKmTba9A
1,mXJiyHrFcw4
2,1EHpd_x9Ce8
5,A_-_txFrAw8
1,IRO7KUn1qFg
1,LieQC2MOcUo
4,v29zFgK-Dw8
4,8FO9Eg0Gfr0
1,gzeSuypS-T8
5,eDM95oaWkdk
3,Lg2w0A4rtmU
4,gfTE6VYSp3o
3,uzWcA_Zt7A8
